Ère,Repère_chronologique,Sous_type,ID,Titre,Coût_Culture,Prérequis,Description_historique,Débloque,Source,Statut_image
Paléolithique,"Émergence graduelle ; les scientifiques débattent encore de la date exacte",Carte culturelle,langage_cult,Langage,0 (départ),Aucun,"Le langage ne sert pas seulement à nommer ce qui est présent : il permet aussi de raconter des histoires et d'imaginer des mythes. Cette capacité unique permet à de grands groupes de personnes de coopérer et de partager des règles communes — les débuts d'une véritable culture collective.","Cartes Chefferie, Art rupestre, Animisme et Musique et instruments","Inspiré du concept de « révolution cognitive » développé par Yuval Noah Harari dans Sapiens : une brève histoire de l'humanité — ne figure dans aucun des documents officiels fournis (Chapitre 1)",À intégrer
Paléolithique,—,Carte gouvernance,chefferie,Chefferie,5,Langage,"Un chef reconnu par le groupe prend les décisions importantes ; une des formes de pouvoir les plus anciennes et les plus répandues dans l'histoire humaine.","Occupe l'unique emplacement de gouvernance de l'Ère 1 (choix rival : Vie tribale)",Connaissances générales (préhistoire) — hors glossaire,À intégrer
Paléolithique,—,Carte gouvernance,vie_tribale,Vie tribale,5,Langage,"Les sociétés de chasseurs-cueilleurs s'organisent souvent en petits groupes où les décisions sont prises collectivement. L'autorité collective s'organise souvent autour d'un conseil réunissant les aînés et les membres les plus expérimentés ou respectés de la communauté, chargés de trancher les différends.","Occupe l'unique emplacement de gouvernance de l'Ère 1 (choix rival : Chefferie)",Connaissances générales (anthropologie/préhistoire) — hors glossaire,À intégrer
Paléolithique,Entre -18 000 et -15 000 pour les plus célèbres exemples,Carte culturelle,art_rupestre,Art rupestre,5,Langage,"Les grandes peintures rupestres, dont les plus célèbres datent de 18 000 à 15 000 av. J.-C., représentent surtout des animaux et témoignent d'une vie culturelle et symbolique développée dès le Paléolithique. La grotte de Lascaux, en France, en est un exemple célèbre.",Bonus de Culture ; carte historique possible (« Réussite spéciale »),"Frise chronologique interactive, Complètement CHRONO ! 1 (iplusinteractif.com) ; Résumé ch.1",À intégrer
Paléolithique,—,Carte croyance,animisme,Animisme,6,Langage,"Croyance selon laquelle des esprits habitent les éléments naturels (animaux, arbres, rivières) ; une des formes de croyance les plus anciennes et les plus répandues dans le monde.",Débloque la carte Enterrements et tombeaux,Connaissances générales (préhistoire) — hors glossaire,À intégrer
Paléolithique,—,Carte culturelle,musique_instruments,Musique et instruments,5,Langage,"Les plus anciens instruments de musique retrouvés (flûtes en os) témoignent d'une vie culturelle et rituelle développée dès la préhistoire.",Bonus de Bonheur,Connaissances générales (préhistoire) — hors glossaire,À intégrer
Néolithique,—,Carte culturelle,division_travail,Division du travail,8,Agriculture (science),"Les surplus de nourriture permis par l'agriculture libèrent certaines personnes des tâches agricoles : elles deviennent artisans et fabriquent les objets dont la communauté a besoin (outils, vêtements, poteries). C'est le début de la division du travail.",Unité Artisan,"Glossaire-index 1, ""Division du travail"" (p. 56) ; Résumé ch.1",À intégrer
Néolithique,—,Carte culturelle,troc_echange,Troc et réseaux d'échange,9,Division du travail,"Un système d'échange, appelé troc, se met en place entre les agriculteurs qui ont des surplus de nourriture et les artisans qui fabriquent des biens.",Bonus d'Argent ; alimente les échanges inter-civilisations,"Glossaire-index 1, ""Échange"" (p. 56) et ""Troc"" (p. 56) ; Résumé ch.1",À intégrer
Néolithique,"Exemple réel : sépultures de Varna, en Bulgarie",Carte croyance,enterrements_tombeaux,Enterrements et tombeaux,6,Animisme,"L'aménagement de sépultures, parfois accompagnées d'objets de valeur, est un des premiers témoignages archéologiques de rites liés à la mort. À Varna, en Bulgarie, certains squelettes sont accompagnés de plusieurs objets précieux, ce qui suggère une hiérarchie sociale naissante.",Peut déclencher la carte historique Hiérarchie sociale,"Glossaire-index 1, ""Sépulture"" (p. 58) ; Résumé ch.1 (exemple de Varna)",À intégrer
