Ère,Repère_chronologique,ID,Titre,Coût_Science,Prérequis,Description_historique,Débloque,Source,Statut_image
Paléolithique,Entre -750 000 et -400 000,feu,Maîtrise du feu,1,Aucun,"La maîtrise du feu permet aux groupes humains de se réchauffer, de s'illuminer, de cuire leurs aliments et de se protéger des prédateurs. Les traces les plus anciennes de foyers aménagés se situent entre 750 000 et 400 000 ans avant aujourd'hui selon les sites archéologiques.","Carte Cuisine ; permet de s'illuminer et de voir dans l'obscurité (grottes, campements de nuit)","Frise chronologique interactive, Complètement CHRONO ! 1 (iplusinteractif.com)",À intégrer
Paléolithique,"Dès les origines de la lignée humaine ; pas de date unique précise",taille_pierre,Taille de la pierre,0 (départ),Aucun,"La taille de la pierre (silex, obsidienne) est la première grande technique outillière de l'humanité : elle permet de fabriquer des tranchants pour couper, gratter et chasser.",Carte Outils de pierre et d'os,"Glossaire-index 1, ""Silex"" (p. 45) et ""Artefact"" (p. 45)",À intégrer
Paléolithique,"Le grattoir et la lance sont attestés très tôt ; l'aiguille à coudre en os est plus tardive, autour de -40 000 (Paléolithique supérieur)",outils,Outils de pierre et d'os,4,Taille de la pierre,"Au-delà de l'éclat de pierre brut, la fabrication d'outils spécialisés en os et en pierre marque un tournant technique majeur du Paléolithique : une aiguille pour coudre, un grattoir pour travailler les peaux animales, une lance en bois et en pierre pour la chasse.","Cartes Vêtements de fourrure et Travail du bois ; Unité Lancier","Glossaire-index 1, ""Artefact"" (p. 45)",À intégrer
Paléolithique,—,cuisine,Cuisine,3,Feu,"La cuisson des aliments par le feu améliore leur digestibilité et réduit certains risques sanitaires liés à la nourriture crue.",Prérequis partiel de la carte Agriculture,Connaissances générales (préhistoire) — hors glossaire,À intégrer
Paléolithique,—,vetements_fourrure,Vêtements de fourrure,5,Outils de pierre et d'os,"Les peaux d'animaux chassés, portées brutes ou légèrement travaillées, protègent du froid et permettent d'occuper des territoires plus rigoureux. C'est la première étape, plus simple que le tannage complet du cuir.",Accès aux tuiles de toundra,Connaissances générales (préhistoire) — hors glossaire,À intégrer
Paléolithique,"Techniques de retouche fine (pressure-flaking) attestées à partir du Paléolithique supérieur",outils_avances,Outils de pierre avancés,6,Outils de pierre et d'os,"Une maîtrise plus fine de la taille de la pierre permet de produire des lames plus tranchantes et plus précises, ouvrant la voie à des usages plus spécialisés que les outils de base : vêtements en cuir tanné, armes à distance, voire premières interventions chirurgicales.","Cartes Vêtements de cuir, Projectiles (arc) et Amputation et chirurgies",Connaissances générales (préhistoire) — hors glossaire,À intégrer
Paléolithique,—,travail_bois,Travail du bois,5,Outils de pierre et d'os,"Le façonnage du bois (manches d'outils, structures de campement, futures embarcations) est une compétence technique essentielle, bien que le bois se conserve mal dans les vestiges archéologiques.",Carte Navigation marine ; Unité Bateaux,Connaissances générales (préhistoire) — hors glossaire,À intégrer
Paléolithique,—,vetements_cuir,Vêtements de cuir,7,Outils de pierre avancés,"Le tannage complet des peaux, cousues à l'aiguille, produit un cuir plus durable et plus protecteur que la fourrure brute — une amélioration technique notable pour occuper des territoires encore plus froids.",Protection renforcée sur les tuiles de toundra,Connaissances générales (préhistoire) — hors glossaire,À intégrer
Paléolithique,"Plus tardif que la lance simple ; preuves solides à partir d'environ -20 000",projectiles_arc,Projectiles (arc),7,Outils de pierre avancés,"L'arc et la flèche permettent d'attaquer à distance, ce qui augmente la sécurité et l'efficacité de la chasse par rapport à la lance seule.",Unité Archer,Connaissances générales (préhistoire) — hors glossaire,À intégrer
Paléolithique,"Pratique attestée dès le Néolithique ; certains crânes retrouvés montrent des signes de cicatrisation osseuse",amputation_chirurgie,Amputation et chirurgies,7,Outils de pierre avancés,"Des crânes retrouvés portant des perforations aux bords cicatrisés témoignent de la pratique d'interventions chirurgicales, dont la trépanation, dès la préhistoire — preuve que certains patients y survivaient.",Bonus de Bonheur (soins de la communauté) ; peut débloquer une carte historique liée à la guérison,Connaissances générales (archéologie) — hors glossaire,À intégrer
Paléolithique,—,navigation_marine,Navigation marine,8,Travail du bois,"Les premières embarcations permettent la pêche au large et les déplacements le long des côtes et des cours d'eau, élargissant le territoire accessible.",Unité Bateaux ; district Port (plus tard),Connaissances générales (préhistoire) — hors glossaire,À intégrer
Paléolithique,Vers -34 000 (dates approximatives),domestication_chiens,Domestication des chiens,6,Outils de pierre et d'os,"Le chien (issu du loup) est le tout premier animal domestiqué par l'humain, vers 34 000 av. J.-C. — bien avant les espèces d'élevage néolithiques (le chat, par comparaison, ne devient domestique que vers 9500 av. J.-C.).",Carte Domestication des animaux (prérequis partiel),"Frise chronologique interactive, Complètement CHRONO ! 1 (iplusinteractif.com) ; Glossaire-index 1, ""Domestication"" (p. 49)",À intégrer
Néolithique,Vers -10 000,agriculture,Agriculture,10,"Cuisine, Outils de pierre et d'os","Le passage de la cueillette à la culture des plantes (céréales notamment) permet la sédentarisation et soutient une population plus nombreuse. La sédentarisation et les débuts de l'agriculture sont datés vers -10 000.",Unité Travailleur ; cartes Exploitation minière et Poterie ; permet de fonder des Villages,"Frise chronologique interactive, Complètement CHRONO ! 1 (iplusinteractif.com) ; Glossaire-index 1, ""Sédentarisation"" (p. 38) et ""Irrigation"" (p. 48)",À intégrer
Néolithique,"Vers -14 000 (cochon) à -6000 (cheval) ; dates approximatives",domestication_animaux,Domestication des animaux,10,Domestication des chiens,"Les humains domestiquent progressivement le cochon (vers 14 000 av. J.-C.), la chèvre (vers 11 000), la vache (vers 10 500), le mouton (vers 10 000) et le cheval (vers 6000) pour leur viande, leur lait, leur cuir et leur laine, puis les utilisent pour le transport et le labour : c'est le début de l'élevage.",Unité Agriculteur (spécialiste) ; amélioration de tuile Pâturage,"Frise chronologique interactive, Complètement CHRONO ! 1 (iplusinteractif.com) ; Glossaire-index 1, ""Domestication"" (p. 49) et ""Ressource"" (p. 48)",À intégrer
Néolithique,—,exploitation_miniere,Exploitation minière,10,Agriculture,"L'extraction de matières premières (silex de qualité, puis minerais) dans le sol devient une activité organisée avec la sédentarisation.",Carte Métallurgie ; amélioration de tuile Mine,"Glossaire-index 1, ""Ressource"" (p. 48) et ""Territoire"" (p. 48)",À intégrer
Néolithique,À partir du IXe millénaire av. J.-C. (entre -9000 et -8001),metallurgie,Métallurgie,11,Exploitation minière,"À partir du IXe millénaire av. J.-C., les forgerons apprennent à travailler le cuivre — un métal plus dur et plus durable que la pierre — pour fabriquer bijoux, lames et outils. Une importante source de richesse pour le Néolithique.",Carte Travail du bronze,"Frise chronologique interactive, Complètement CHRONO ! 1 (iplusinteractif.com) ; Test de connaissances ch.1 (corrigé), Q10c ; Glossaire-index 1, ""Métallurgie"" (p. 48)",À intégrer
Néolithique,"Plus tardif que le cuivre seul ; pas de date unique précise dans nos sources",travail_bronze,Travail du bronze,13,Métallurgie,"Plus tard, les forgerons découvrent que l'alliage du cuivre et de l'étain produit le bronze, un métal encore plus dur et plus durable, utilisé notamment pour les lames de hache et les couteaux.",Unité Guerrier (évolution du Lancier),"Glossaire-index 1, ""Métallurgie"" (p. 48)",À intégrer
Néolithique,Vers le VIIe millénaire av. J.-C. (entre -7000 et -6000),poterie,Poterie,10,Agriculture,"Vers le VIIe millénaire av. J.-C., dans la région du Croissant fertile, les potiers façonnent des récipients pour conserver, cuire et transporter les aliments — puis les échangent contre d'autres biens.",Amélioration du stockage (Nourriture) ; alimente la carte Troc et réseaux d'échange,"Frise chronologique interactive, Complètement CHRONO ! 1 (iplusinteractif.com)",À intégrer
Néolithique,"Vers -3300 (large : IVe millénaire av. J.-C.)",ecriture,Écriture,14,Poterie,"Selon de nombreux historiens, l'apparition de l'écriture marque la fin de la préhistoire et le début de l'Antiquité. Née en Mésopotamie au IVe millénaire av. J.-C., elle passe de simples pictogrammes, tracés au calame sur l'argile, à l'écriture cunéiforme — que seuls les scribes apprennent à maîtriser.",District Campus ; bâtiment Bibliothèque ; sert de charnière narrative vers le Chapitre 2 (Mésopotamie),"Frise chronologique interactive, Complètement CHRONO ! 1 (iplusinteractif.com) ; Glossaire-index 2, ""Pictogramme"" (p. 74) et ""Communication"" (p. 74)",À intégrer
