Titre,Déclencheur,Effet,Lien_PDA,Source_citation,Statut_image
Rencontre de Homo neanderthalensis,Exploration d'une nouvelle tuile en début de partie (Paléolithique),"Effet neutre à positif : possibilité d'échanger des techniques (bonus Science ponctuel) ou événement narratif au choix de l'enseignant.","Sédentarisation — diversité des groupes humains du Paléolithique.",Connaissances générales (paléoanthropologie) — hors glossaire,À intégrer
Glaciation,Tirée aléatoirement ou imposée par l'enseignant en début d'Ère 1,"Effet négatif temporaire : réduction des rendements de Nourriture jusqu'à la découverte d'une carte compensatoire (ex. Vêtements de cuir).","Sédentarisation — facteurs climatiques qui influencent les modes de vie humains.",Connaissances générales (paléoclimatologie) — hors glossaire,À intégrer
Réchauffement climatique,Déclenchée à la transition Paléolithique → Néolithique,"Effet positif : accès à de nouvelles tuiles agricoles, bonus ponctuel vers la carte Agriculture.","Facteur explicitement nommé par le manuel comme cause de la sédentarisation : ""le climat de la Terre se réchauffe. Les ressources naturelles [...] deviennent plus abondantes.""","Résumé chapitre 1, section Néolithique ; confirmé par Évaluation des compétences ch.1, doc. 11 (""les graminées sauvages, le gibier et le poisson deviennent si abondants que les tribus [...] ne sont plus obligées de nomadiser"")",À intégrer
Passage d'un troupeau d'animaux,"Après une action de chasse réussie, occasionnellement","Bonus de Nourriture si une unité Chasseur est en action ce tour ; sinon, occasion manquée (aucun effet négatif).","Sédentarisation — subsistance par la chasse au Paléolithique.",Connaissances générales (préhistoire) — hors glossaire,À intégrer
Découverte d'obsidienne,Exploration d'une tuile de type montagne/volcanique,"Bonus ponctuel de Production ; peut accélérer l'accès à la carte Outils ou Lance.","Sédentarisation — ressources et matières premières exploitées par les sociétés préhistoriques.","Glossaire-index 1, ""Ressource"" (p. 48)",À intégrer
Hiérarchie sociale,Déclenchée à la fondation du premier Village (palier 2),"Effet narratif + petit bonus/malus de Bonheur selon la carte gouvernance en jeu ; amène l'élève à réfléchir aux inégalités naissantes.","Concept prescrit par le PDA pour l'unité sur la sédentarisation. Exemple réel : les squelettes trouvés à Varna (Bulgarie), accompagnés d'objets précieux, suggèrent une hiérarchie sociale naissante.","Glossaire-index 1, ""Hiérarchie sociale"" (p. 57) ; Résumé ch.1, section finale (exemple de Varna)",À intégrer
Propriété,"Déclenchée lors de la première amélioration de tuile (ferme, pâturage, mine)","Effet narratif + question de réflexion écrite (qui possède la terre et ses fruits?) ; peut octroyer un bonus de Culture si la réponse est développée.","Concept prescrit par le PDA pour l'unité sur la sédentarisation. Le manuel relie explicitement la propriété à la construction de fortifications autour des villages.","Glossaire-index 1, ""Propriété"" (p. 57) ; Résumé ch.1, section finale",À intégrer
Fondation d'un village néolithique réel,"Déclenchée quand un Colon fonde le tout premier Campement de la partie","Bonus narratif ponctuel : l'élève choisit (ou pige) un vrai site archéologique néolithique comme source d'inspiration pour son propre campement (Jéricho, Çatal Höyük, Aïn Ghazal, ou Jerf el Ahmar) et lit une courte fiche sur ce site ; bonus de Culture si l'élève nomme une caractéristique du site choisi.","Sédentarisation — les tout premiers villages néolithiques attestés archéologiquement.","Résumé ch.1 (Jéricho) ; Évaluation des compétences ch.1, docs 2/5 (Çatal Höyük, vers 6500 av. J.-C.), doc. 2 section B (Aïn Ghazal, Jordanie, 7250–5000 av. J.-C., ≤3000 habitants), doc. 6 section B (Jerf el Ahmar, Syrie, 9500–8700 av. J.-C.)",À intégrer
Plusieurs foyers de sédentarisation dans le monde,"Événement de contexte, en tout début d'Ère 1 (avant même la fondation d'un premier village)","Effet purement narratif/pédagogique : rappelle que la sédentarisation et l'agriculture sont apparues indépendamment dans plusieurs régions du monde (pas seulement au Croissant fertile) — un point important pour éviter une vision eurocentrique/unique de l'histoire.","Le manuel nomme explicitement trois foyers indépendants entre –10 000 et –5000 : le Moyen-Orient (blé, orge, mouton, chèvre, porc, bœuf), le Mexique/Amérique du Sud (maïs, courge, haricot, lama) et la Chine (millet, riz, porc, poulet, bœuf).","Évaluation des compétences ch.1, doc. 1 (Jean-Paul Demoule, ""Nouveaux regards sur la révolution néolithique"", Le Monde, 2008)",À intégrer
